{"stats":{"minecraft:killed":{"minecraft:sheep":7,"minecraft:horse":1,"iceandfire:hippogryph":2,"minecraft:pig":4,"minecraft:chicken":4,"minecraft:frog":3,"minecraft:cow":6},"minecraft:dropped":{"minecraft:rabbit_foot":14},"minecraft:mined":{"minecraft:brown_mushroom":1,"minecraft:pumpkin":1,"gravestone:gravestone":1,"minecraft:grass":2},"minecraft:custom":{"minecraft:time_since_rest":14055,"minecraft:damage_taken":370,"minecraft:sprint_one_cm":75441,"minecraft:walk_one_cm":32161,"minecraft:mob_kills":27,"minecraft:interact_with_anvil":2,"minecraft:drop":14,"minecraft:damage_dealt":2950,"minecraft:swim_one_cm":1506,"minecraft:fly_one_cm":133246,"minecraft:crouch_one_cm":196,"minecraft:play_time":23047,"minecraft:deaths":1,"minecraft:sneak_time":31,"minecraft:walk_under_water_one_cm":196,"minecraft:jump":171,"minecraft:walk_on_water_one_cm":3153,"minecraft:time_since_death":14022,"minecraft:total_world_time":23047,"minecraft:climb_one_cm":274,"minecraft:fall_one_cm":8182,"minecraft:horse_one_cm":21072},"minecraft:used":{"useless_sword:wither_sword":27,"minecraft:firework_rocket":24,"minecraft:command_block":1,"minecraft:barrier":5,"minecraft:anvil":1,"iceandfire:spawn_egg_hippogryph":4,"fabledweaponry:scythe_diamond":10,"minecraft:cooked_beef":2,"gravestone:gravestone":1},"minecraft:picked_up":{"minecraft:feather":16,"minecraft:cooked_beef":13,"minecraft:chicken":3,"minecraft:cooked_porkchop":15,"minecraft:pumpkin":1,"minecraft:leather":30,"minecraft:brown_wool":2,"minecraft:brown_mushroom":1,"minecraft:rabbit_foot":7,"minecraft:cooked_mutton":19,"minecraft:cooked_chicken":1,"minecraft:black_wool":1,"minecraft:white_wool":4}},"DataVersion":3465}