{"stats":{"minecraft:mined":{"gravestone:gravestone":1},"minecraft:custom":{"minecraft:jump":53,"minecraft:time_since_rest":2055,"minecraft:deaths":1,"minecraft:damage_taken":370,"minecraft:sprint_one_cm":24760,"minecraft:play_time":11047,"minecraft:walk_on_water_one_cm":1828,"minecraft:time_since_death":2022,"minecraft:walk_one_cm":4273,"minecraft:total_world_time":11047,"minecraft:walk_under_water_one_cm":60,"minecraft:swim_one_cm":715,"minecraft:fall_one_cm":5976,"minecraft:fly_one_cm":103879},"minecraft:used":{"minecraft:barrier":5,"minecraft:command_block":1,"gravestone:gravestone":1}},"DataVersion":3465}