{"stats":{"minecraft:picked_up":{"minecraft:stick":9,"minecraft:feather":16,"minecraft:cooked_beef":13,"minecraft:chicken":3,"minecraft:cooked_porkchop":18,"minecraft:sweet_berries":2,"minecraft:pumpkin":1,"minecraft:leather":30,"minecraft:brown_wool":2,"minecraft:brown_mushroom":1,"minecraft:spruce_sapling":10,"minecraft:gunpowder":4,"minecraft:spruce_log":5,"minecraft:dirt":423,"minecraft:rabbit_foot":19,"minecraft:cooked_mutton":19,"minecraft:cooked_chicken":1,"minecraft:redstone_torch":1,"minecraft:poppy":1,"minecraft:black_wool":1,"minecraft:white_wool":4,"minecraft:cobblestone":58},"minecraft:custom":{"minecraft:time_since_rest":61139,"minecraft:damage_taken":700,"minecraft:sprint_one_cm":176916,"minecraft:walk_one_cm":214817,"minecraft:mob_kills":30,"minecraft:interact_with_anvil":2,"minecraft:drop":32,"minecraft:damage_dealt":3310,"minecraft:swim_one_cm":1506,"minecraft:fly_one_cm":244355,"minecraft:crouch_one_cm":13794,"minecraft:play_time":90337,"minecraft:deaths":2,"minecraft:sneak_time":3128,"minecraft:walk_under_water_one_cm":1212,"minecraft:jump":292,"minecraft:leave_game":5,"minecraft:time_since_death":61050,"minecraft:walk_on_water_one_cm":6689,"minecraft:total_world_time":90337,"minecraft:climb_one_cm":274,"minecraft:fall_one_cm":12428,"minecraft:horse_one_cm":21072},"minecraft:used":{"useless_sword:wither_sword":30,"minecraft:redstone_torch":9,"minecraft:light_gray_stained_glass_pane":20,"gobber2:gobber2_sword_end":1,"minecraft:firework_rocket":24,"minecraft:command_block":1,"mcwbridges:oak_log_bridge_middle":82,"minecraft:grass_block":240,"minecraft:barrier":5,"minecraft:oak_planks":484,"minecraft:jungle_log":1,"minecraft:stone":78,"securitycraft:reinforced_black_concrete":169,"minecraft:spruce_leaves":1,"minecraft:dirt":2,"minecraft:anvil":1,"minecraft:tnt":18,"minecraft:stripped_oak_wood":52,"fabledweaponry:scythe_diamond":10,"iceandfire:spawn_egg_hippogryph":4,"minecraft:cooked_beef":2,"minecraft:spruce_log":2,"minecraft:deepslate_tile_wall":10,"gravestone:gravestone":1},"minecraft:mined":{"minecraft:brown_mushroom":1,"minecraft:pumpkin":1,"gravestone:gravestone":2,"minecraft:grass":2},"minecraft:dropped":{"minecraft:rabbit_foot":32},"minecraft:killed":{"minecraft:sheep":8,"minecraft:horse":1,"iceandfire:hippogryph":2,"minecraft:pig":5,"minecraft:chicken":4,"minecraft:frog":3,"minecraft:creeper":1,"minecraft:cow":6}},"DataVersion":3465}