{"stats":{"minecraft:killed":{"iceandfire:hippogryph":2,"minecraft:pig":5,"minecraft:witch":1,"minecraft:spider":3,"minecraft:bat":5,"minecraft:frog":3,"minecraft:creeper":2,"minecraft:horse":1,"minecraft:sheep":8,"minecraft:skeleton":1,"minecraft:zombie":2,"minecraft:chicken":4,"minecraft:cow":6},"minecraft:custom":{"minecraft:interact_with_anvil":2,"minecraft:mob_kills":61,"minecraft:leave_game":6,"minecraft:time_since_death":209735,"minecraft:climb_one_cm":274,"minecraft:time_since_rest":209824,"minecraft:sprint_one_cm":298680,"minecraft:damage_taken":700,"minecraft:walk_one_cm":383893,"minecraft:drop":32,"minecraft:damage_dealt":8461,"minecraft:swim_one_cm":1506,"minecraft:fly_one_cm":942093,"minecraft:crouch_one_cm":18328,"minecraft:play_time":239022,"minecraft:deaths":2,"minecraft:sneak_time":5766,"minecraft:walk_under_water_one_cm":1212,"minecraft:jump":464,"minecraft:walk_on_water_one_cm":6689,"minecraft:total_world_time":239022,"minecraft:fall_one_cm":12428,"minecraft:horse_one_cm":21072},"minecraft:mined":{"minecraft:brown_mushroom":1,"gravestone:gravestone":2,"minecraft:pumpkin":1,"minecraft:grass":2},"minecraft:picked_up":{"minecraft:feather":16,"minecraft:cooked_beef":13,"minecraft:chicken":3,"minecraft:leather":30,"minecraft:brown_wool":2,"minecraft:brown_mushroom":1,"minecraft:gunpowder":5,"minecraft:dirt":423,"minecraft:string":14,"minecraft:cooked_mutton":19,"minecraft:bone":8,"minecraft:cooked_chicken":1,"minecraft:redstone_torch":1,"minecraft:poppy":1,"minecraft:stick":9,"minecraft:cooked_porkchop":18,"minecraft:pumpkin":1,"minecraft:sweet_berries":2,"minecraft:spruce_sapling":11,"minecraft:spruce_log":5,"minecraft:spider_eye":3,"minecraft:rabbit_foot":19,"minecraft:arrow":3,"minecraft:rotten_flesh":1,"minecraft:black_wool":1,"minecraft:cobblestone":58,"minecraft:white_wool":4},"minecraft:used":{"useless_sword:wither_sword":70,"minecraft:oak_fence":44,"minecraft:end_rod":38,"securitycraft:reinforced_gray_concrete":1442,"minecraft:light_gray_stained_glass_pane":95,"minecraft:oak_planks":913,"minecraft:stone":83,"minecraft:spruce_leaves":1,"minecraft:dirt":2,"minecraft:anvil":1,"mcwlights:redstone_lamp_slab":8,"minecraft:tnt":18,"minecraft:oak_slab":486,"minecraft:spruce_log":2,"minecraft:dark_oak_door":11,"minecraft:deepslate_tile_wall":62,"minecraft:redstone_torch":9,"gobber2:gobber2_sword_end":1,"minecraft:firework_rocket":24,"minecraft:light_gray_stained_glass":99,"minecraft:command_block":1,"minecraft:black_stained_glass_pane":16,"mcwbridges:oak_log_bridge_middle":82,"minecraft:grass_block":289,"minecraft:oak_stairs":164,"minecraft:barrier":5,"minecraft:jungle_log":1,"securitycraft:reinforced_black_concrete":169,"minecraft:stone_bricks":1,"iceandfire:spawn_egg_hippogryph":4,"minecraft:stripped_oak_wood":721,"fabledweaponry:scythe_diamond":10,"minecraft:chain":52,"minecraft:glass_pane":145,"minecraft:stripped_oak_log":4,"minecraft:cooked_beef":2,"minecraft:smooth_stone":567,"gravestone:gravestone":1},"minecraft:dropped":{"minecraft:rabbit_foot":32}},"DataVersion":3465}