{"stats":{"minecraft:killed":{"minecraft:sheep":8,"minecraft:horse":1,"iceandfire:hippogryph":2,"minecraft:zombie":1,"minecraft:pig":5,"minecraft:chicken":4,"minecraft:frog":3,"minecraft:creeper":1,"minecraft:cow":6},"minecraft:custom":{"minecraft:time_since_rest":149824,"minecraft:damage_taken":700,"minecraft:sprint_one_cm":208683,"minecraft:walk_one_cm":305372,"minecraft:mob_kills":32,"minecraft:interact_with_anvil":2,"minecraft:drop":32,"minecraft:damage_dealt":3625,"minecraft:swim_one_cm":1506,"minecraft:fly_one_cm":524905,"minecraft:crouch_one_cm":16184,"minecraft:play_time":179022,"minecraft:deaths":2,"minecraft:sneak_time":4489,"minecraft:walk_under_water_one_cm":1212,"minecraft:jump":409,"minecraft:leave_game":6,"minecraft:time_since_death":149735,"minecraft:walk_on_water_one_cm":6689,"minecraft:total_world_time":179022,"minecraft:climb_one_cm":274,"minecraft:fall_one_cm":12428,"minecraft:horse_one_cm":21072},"minecraft:mined":{"minecraft:brown_mushroom":1,"minecraft:pumpkin":1,"gravestone:gravestone":2,"minecraft:grass":2},"minecraft:picked_up":{"minecraft:stick":9,"minecraft:feather":16,"minecraft:cooked_beef":13,"minecraft:chicken":3,"minecraft:cooked_porkchop":18,"minecraft:sweet_berries":2,"minecraft:pumpkin":1,"minecraft:brown_wool":2,"minecraft:leather":30,"minecraft:brown_mushroom":1,"minecraft:spruce_sapling":11,"minecraft:gunpowder":4,"minecraft:spruce_log":5,"minecraft:dirt":423,"minecraft:rabbit_foot":19,"minecraft:cooked_mutton":19,"minecraft:cooked_chicken":1,"minecraft:redstone_torch":1,"minecraft:poppy":1,"minecraft:black_wool":1,"minecraft:white_wool":4,"minecraft:cobblestone":58},"minecraft:used":{"minecraft:deepslate_tile_wall":46,"minecraft:redstone_torch":9,"minecraft:command_block":1,"minecraft:firework_rocket":24,"gobber2:gobber2_sword_end":1,"minecraft:light_gray_stained_glass_pane":87,"securitycraft:reinforced_gray_concrete":593,"mcwbridges:oak_log_bridge_middle":82,"minecraft:black_stained_glass_pane":16,"minecraft:oak_stairs":2,"minecraft:grass_block":286,"minecraft:barrier":5,"minecraft:oak_planks":845,"minecraft:jungle_log":1,"minecraft:stone":83,"securitycraft:reinforced_black_concrete":169,"minecraft:stone_bricks":1,"minecraft:spruce_leaves":1,"minecraft:dirt":2,"minecraft:anvil":1,"minecraft:oak_slab":138,"minecraft:tnt":18,"fabledweaponry:scythe_diamond":10,"minecraft:stripped_oak_wood":692,"iceandfire:spawn_egg_hippogryph":4,"minecraft:glass_pane":79,"minecraft:cooked_beef":2,"minecraft:stripped_oak_log":4,"useless_sword:wither_sword":33,"minecraft:spruce_log":2,"minecraft:dark_oak_door":11,"minecraft:smooth_stone":436,"gravestone:gravestone":1},"minecraft:dropped":{"minecraft:rabbit_foot":32}},"DataVersion":3465}