{"stats":{"minecraft:picked_up":{"minecraft:cooked_beef":13,"minecraft:feather":16,"minecraft:chicken":3,"minecraft:cooked_porkchop":15,"minecraft:pumpkin":1,"minecraft:leather":30,"minecraft:brown_wool":2,"minecraft:brown_mushroom":1,"minecraft:rabbit_foot":19,"minecraft:cooked_mutton":19,"minecraft:cooked_chicken":1,"minecraft:black_wool":1,"minecraft:white_wool":4},"minecraft:killed":{"minecraft:sheep":8,"minecraft:horse":1,"iceandfire:hippogryph":2,"minecraft:pig":4,"minecraft:chicken":4,"minecraft:frog":3,"minecraft:cow":6},"minecraft:dropped":{"minecraft:rabbit_foot":32},"minecraft:used":{"useless_sword:wither_sword":27,"gobber2:gobber2_sword_end":1,"minecraft:firework_rocket":24,"minecraft:command_block":1,"minecraft:barrier":5,"minecraft:jungle_log":1,"minecraft:anvil":1,"fabledweaponry:scythe_diamond":10,"iceandfire:spawn_egg_hippogryph":4,"minecraft:cooked_beef":2,"gravestone:gravestone":1},"minecraft:mined":{"minecraft:brown_mushroom":1,"minecraft:pumpkin":1,"gravestone:gravestone":2,"minecraft:grass":2},"minecraft:custom":{"minecraft:time_since_rest":13734,"minecraft:sprint_one_cm":84904,"minecraft:damage_taken":700,"minecraft:walk_one_cm":46281,"minecraft:interact_with_anvil":2,"minecraft:mob_kills":28,"minecraft:drop":32,"minecraft:damage_dealt":3030,"minecraft:swim_one_cm":1506,"minecraft:fly_one_cm":136008,"minecraft:crouch_one_cm":5631,"minecraft:play_time":42932,"minecraft:deaths":2,"minecraft:sneak_time":1798,"minecraft:walk_under_water_one_cm":1212,"minecraft:jump":184,"minecraft:leave_game":4,"minecraft:walk_on_water_one_cm":3236,"minecraft:time_since_death":13645,"minecraft:climb_one_cm":274,"minecraft:total_world_time":42932,"minecraft:fall_one_cm":12428,"minecraft:horse_one_cm":21072}},"DataVersion":3465}