{"stats":{"minecraft:killed":{"iceandfire:hippogryph":2,"minecraft:pig":5,"minecraft:witch":1,"minecraft:spider":5,"minecraft:bat":5,"minecraft:frog":3,"minecraft:creeper":2,"minecraft:horse":1,"minecraft:sheep":8,"minecraft:skeleton":2,"minecraft:zombie":3,"minecraft:chicken":4,"minecraft:cow":6},"minecraft:custom":{"minecraft:interact_with_anvil":2,"minecraft:mob_kills":76,"minecraft:leave_game":6,"minecraft:time_since_death":299735,"minecraft:climb_one_cm":274,"minecraft:time_since_rest":299824,"minecraft:sprint_one_cm":429765,"minecraft:damage_taken":700,"minecraft:walk_one_cm":471031,"minecraft:drop":32,"minecraft:damage_dealt":10944,"minecraft:swim_one_cm":1506,"minecraft:fly_one_cm":1157412,"minecraft:crouch_one_cm":18832,"minecraft:play_time":329022,"minecraft:deaths":2,"minecraft:sneak_time":6083,"minecraft:walk_under_water_one_cm":1212,"minecraft:jump":576,"minecraft:walk_on_water_one_cm":6793,"minecraft:total_world_time":329022,"minecraft:fall_one_cm":12428,"minecraft:horse_one_cm":21072},"minecraft:mined":{"minecraft:brown_mushroom":1,"gravestone:gravestone":2,"minecraft:grass_block":1,"minecraft:large_fern":2,"minecraft:spruce_log":2,"minecraft:pumpkin":1,"minecraft:grass":2},"minecraft:picked_up":{"minecraft:feather":16,"minecraft:cooked_beef":13,"minecraft:chicken":3,"minecraft:leather":30,"minecraft:brown_wool":2,"minecraft:brown_mushroom":1,"minecraft:gunpowder":10,"minecraft:dirt":424,"minecraft:string":18,"minecraft:cooked_mutton":19,"minecraft:bone":15,"minecraft:cooked_chicken":1,"minecraft:redstone_torch":1,"minecraft:poppy":1,"minecraft:stick":9,"minecraft:cooked_porkchop":18,"minecraft:pumpkin":1,"minecraft:sweet_berries":2,"minecraft:spruce_sapling":11,"minecraft:spruce_log":7,"minecraft:spider_eye":7,"minecraft:rabbit_foot":19,"minecraft:arrow":6,"minecraft:rotten_flesh":5,"minecraft:black_wool":1,"minecraft:cobblestone":58,"minecraft:white_wool":4},"minecraft:used":{"useless_sword:wither_sword":87,"minecraft:oak_fence":44,"minecraft:end_rod":45,"securitycraft:reinforced_gray_concrete":1443,"minecraft:light_gray_stained_glass_pane":95,"minecraft:oak_planks":913,"minecraft:stone":83,"minecraft:spruce_leaves":1,"minecraft:dirt":2,"minecraft:anvil":1,"mcwlights:redstone_lamp_slab":8,"minecraft:tnt":18,"minecraft:oak_slab":486,"minecraft:spruce_log":2,"minecraft:dark_oak_door":11,"minecraft:deepslate_tile_wall":62,"minecraft:redstone_torch":9,"gobber2:gobber2_sword_end":1,"minecraft:firework_rocket":24,"minecraft:light_gray_stained_glass":99,"minecraft:command_block":1,"minecraft:black_stained_glass_pane":16,"mcwbridges:oak_log_bridge_middle":107,"minecraft:grass_block":390,"minecraft:oak_stairs":164,"minecraft:barrier":5,"minecraft:jungle_log":1,"securitycraft:reinforced_black_concrete":169,"minecraft:stone_bricks":1,"iceandfire:spawn_egg_hippogryph":4,"minecraft:stripped_oak_wood":948,"fabledweaponry:scythe_diamond":10,"minecraft:chain":68,"minecraft:glass_pane":145,"minecraft:stripped_oak_log":4,"minecraft:cooked_beef":2,"minecraft:smooth_stone":567,"gravestone:gravestone":1},"minecraft:dropped":{"minecraft:rabbit_foot":32}},"DataVersion":3465}