{"stats":{"minecraft:killed":{"iceandfire:hippogryph":2,"minecraft:pig":5,"minecraft:witch":1,"minecraft:spider":6,"minecraft:bat":5,"minecraft:frog":3,"minecraft:creeper":5,"minecraft:sheep":8,"minecraft:horse":1,"minecraft:skeleton":3,"minecraft:zombie":3,"minecraft:chicken":4,"minecraft:cow":6},"minecraft:picked_up":{"minecraft:feather":16,"minecraft:cooked_beef":13,"minecraft:chicken":3,"minecraft:leather":30,"minecraft:brown_wool":2,"minecraft:brown_mushroom":1,"minecraft:gunpowder":16,"minecraft:string":18,"minecraft:dirt":424,"minecraft:cooked_mutton":19,"minecraft:bone":17,"minecraft:cooked_chicken":1,"minecraft:redstone_torch":1,"minecraft:poppy":1,"minecraft:stick":9,"minecraft:cooked_porkchop":18,"minecraft:pumpkin":1,"minecraft:sweet_berries":2,"minecraft:spruce_sapling":11,"minecraft:spruce_log":7,"minecraft:spider_eye":7,"minecraft:rabbit_foot":19,"minecraft:arrow":9,"minecraft:rotten_flesh":5,"minecraft:black_wool":1,"minecraft:cobblestone":58,"minecraft:white_wool":4},"minecraft:dropped":{"minecraft:rabbit_foot":32},"minecraft:custom":{"minecraft:interact_with_furnace":16,"minecraft:mob_kills":81,"minecraft:interact_with_anvil":2,"minecraft:interact_with_cartography_table":1,"minecraft:interact_with_loom":1,"minecraft:leave_game":8,"minecraft:time_since_death":349118,"minecraft:sleep_in_bed":1,"minecraft:climb_one_cm":274,"minecraft:time_since_rest":20182,"minecraft:sprint_one_cm":554091,"minecraft:walk_one_cm":572229,"minecraft:damage_taken":700,"minecraft:drop":32,"minecraft:damage_dealt":11804,"minecraft:swim_one_cm":1506,"minecraft:fly_one_cm":1220769,"minecraft:open_chest":7,"minecraft:crouch_one_cm":25338,"minecraft:play_time":378405,"minecraft:deaths":2,"minecraft:sneak_time":9710,"minecraft:walk_under_water_one_cm":2320,"minecraft:jump":654,"minecraft:interact_with_blast_furnace":1,"minecraft:walk_on_water_one_cm":6967,"minecraft:total_world_time":378405,"minecraft:fall_one_cm":12428,"minecraft:horse_one_cm":21072},"minecraft:mined":{"minecraft:brown_mushroom":1,"gravestone:gravestone":2,"minecraft:grass_block":1,"minecraft:large_fern":2,"minecraft:spruce_log":2,"minecraft:pumpkin":1,"minecraft:grass":2},"minecraft:used":{"useless_sword:wither_sword":96,"minecraft:oak_fence":91,"minecraft:end_rod":64,"minecraft:light_gray_stained_glass_pane":95,"securitycraft:reinforced_gray_concrete":1446,"minecraft:armor_stand":4,"minecraft:oak_planks":915,"mcwlights:black_ceiling_light":57,"minecraft:cartography_table":4,"minecraft:chest":41,"minecraft:tinted_glass":5,"minecraft:stone":93,"mcwlights:iron_double_candle_holder":14,"mcwlights:iron_chandelier":2,"minecraft:spruce_leaves":1,"minecraft:dirt":3,"minecraft:anvil":1,"mcwlights:redstone_lamp_slab":8,"minecraft:oak_slab":486,"minecraft:tnt":18,"minecraft:loom":2,"mcwlights:crimson_ceiling_fan_light":5,"minecraft:blast_furnace":1,"mcwlights:square_wall_lamp":1,"mcwlights:wall_lamp":4,"minecraft:black_bed":1,"minecraft:spruce_log":2,"minecraft:dark_oak_door":11,"minecraft:deepslate_tile_wall":62,"minecraft:redstone_torch":9,"mcwlights:iron_candle_holder":2,"mcwlights:iron_wall_candle_holder":7,"gobber2:gobber2_sword_end":1,"minecraft:firework_rocket":24,"minecraft:light_gray_stained_glass":101,"minecraft:command_block":1,"minecraft:black_stained_glass_pane":16,"mcwbridges:oak_log_bridge_middle":107,"minecraft:grass_block":390,"minecraft:oak_stairs":164,"minecraft:barrier":5,"minecraft:jungle_log":1,"minecraft:lectern":1,"mcwlights:gray_lamp":2,"securitycraft:reinforced_black_concrete":169,"minecraft:stone_bricks":1,"mcwlights:bell_wall_lantern":4,"mcwlights:golden_chain":5,"minecraft:scaffolding":32,"fabledweaponry:scythe_diamond":10,"minecraft:furnace":19,"minecraft:stripped_oak_wood":948,"iceandfire:spawn_egg_hippogryph":4,"minecraft:chain":79,"minecraft:glass_pane":145,"mcwlights:iron_triple_candle_holder":4,"minecraft:stripped_oak_log":4,"minecraft:cooked_beef":2,"minecraft:smooth_stone":567,"gravestone:gravestone":1}},"DataVersion":3465}